CustomerId,Address,Company,Email,FirstName,LastName,Phone
1,"7710 Medina Drive, East Brisbane WA 4169",Northwind,dawn45@adventure-works.com,Dawn,Raji,1 (11) 500 555-0126
2,"8675 Line Court, Berkshire WA RG11 5TP",Northwind,karl13@adventure-works.com,Karl,Pal,1 (11) 500 555-0188
3,"707 Willcrest Circle, Hobart WA 7001",Northwind,gary16@adventure-works.com,Gary,Jimenez,1 (11) 500 555-0198
4,"9363, rue Saint-Lazare, Saint-Denis WA 93400",AdventureWorks,amber0@adventure-works.com,Amber,Evans,1 (11) 500 555-0131
5,"9323 Cowell Road, Goulburn WA 2580",AdventureWorks,kelli23@adventure-works.com,Kelli,She,1 (11) 500 555-0146
6,"7681 Fern Leaf Lane, Woodburn WA 97071",AdventureWorks,luke42@adventure-works.com,Luke,Carter,658-555-0133
7,"363, rue Jean Mermoz, Paris WA 75019",AdventureWorks,andres9@adventure-works.com,Andres,Pal,1 (11) 500 555-0138
8,"8128 Honey Trail Lane, Newton WA V2M1P1",AdventureWorks,eduardo23@adventure-works.com,Eduardo,Hall,355-555-0111
9,"1, rue Pierre-Demoulin, Paris WA 75007",AdventureWorks,xavier0@adventure-works.com,Xavier,Smith,1 (11) 500 555-0120
10,"6984 Wardlow Lane, Beverly Hills WA 90210",Contoso,lydia17@adventure-works.com,Lydia,Gonzalez,959-555-0196
11,"Auf Der Steige 100, Dresden WA 01071",Northwind,linda29@adventure-works.com,Linda,Gill,1 (11) 500 555-0111
12,"Hansaallee 4626, Saarbrücken WA 66001",Contoso,lance15@adventure-works.com,Lance,Blanco,1 (11) 500 555-0187
13,"5690 Morgan Territory Rd, London WA SW8 4BG",Northwind,daniel1@adventure-works.com,Daniel,Shimshoni,151-555-0100
14,"6900 Chisholm Way, Woodburn WA 97071",AdventureWorks,chloe8@adventure-works.com,Chloe,Mitchell,375-555-0171
15,"5508 Glenmount Dr., Royal Oak WA V8X",Contoso,bryce2@adventure-works.com,Bryce,Brooks,110-555-0161
16,"6977 Evergreen Ct., Gold Coast WA 4217",Northwind,kaylee30@adventure-works.com,Kaylee,Gonzalez,1 (11) 500 555-0179
17,"504 O St., Lemon Grove WA 91945",Contoso,nicholas16@adventure-works.com,Nicholas,Thompson,377-555-0147
18,"2669 Clark Creek Rd., London WA W1V 5RN",AdventureWorks,cesar10@adventure-works.com,Cesar,Rana,1 (11) 500 555-0114
19,"3852 Northridge Dr., Colma WA 94014",Contoso,bryan8@adventure-works.com,Bryan,Gray,178-555-0147
20,"9828 Hook Court, Lynnwood WA 98036",AdventureWorks,amanda22@adventure-works.com,Amanda,Bennett,419-555-0113
21,"2928 Antone Court, Ballard WA 98107",AdventureWorks,bianca17@adventure-works.com,Bianca,Hu,609-555-0188
22,"9693 Mellowood Street, National City WA 91950",Northwind,megan41@adventure-works.com,Megan,Torres,193-555-0162
23,"6155 Buckthorn Court, Bellingham WA 98225",Northwind,walter12@adventure-works.com,Walter,Suarez,187-555-0115
24,"673 Old Mountain View Dr., Seattle WA 98104",Contoso,james79@adventure-works.com,James,Brown,725-555-0117
25,"7917 Snowberry Court, W. Linn WA 97068",AdventureWorks,tristan8@adventure-works.com,Tristan,Perry,361-555-0153
26,"8138 Golf Club Road, Melton WA 3337",Northwind,kimberly21@adventure-works.com,Kimberly,Reed,1 (11) 500 555-0164
27,"535 Greendell Pl, Sammamish WA 98074",Northwind,sheela0@adventure-works.com,Sheela,Word,210-555-0193
28,"2050 B Avenue I, York WA Y024 1GF",Contoso,jon6@adventure-works.com,Jon,Shan,1 (11) 500 555-0180
29,"2646, avenue de l´Europe, Tremblay-en-France WA 93290",Contoso,erik17@adventure-works.com,Erik,Serrano,1 (11) 500 555-0122
30,"5253 Harris Court, Stoke-on-Trent WA AS23",Northwind,daisy11@adventure-works.com,Daisy,Serrano,1 (11) 500 555-0158
31,"Räuscherweg 292, Frankfurt am Main WA 60061",Contoso,briana17@adventure-works.com,Briana,Sandoval,1 (11) 500 555-0127
32,"5248 Gladstone Drive, Port Macquarie WA 2444",AdventureWorks,christian30@adventure-works.com,Christian,Smith,1 (11) 500 555-0117
33,"4569 La Salle Ct., Puyallup WA 98371",Contoso,logan19@adventure-works.com,Logan,Bryant,206-555-0173
34,"5254 Daylight Place, Chula Vista WA 91910",Northwind,katie8@adventure-works.com,Katie,Luo,928-555-0195
35,"Kampstr 6246, Salzgitter WA 38231",Contoso,darren24@adventure-works.com,Darren,Diaz,1 (11) 500 555-0120
36,"3708 Lenox Ct, Metchosin WA V9",AdventureWorks,ryan20@adventure-works.com,Ryan,Gonzales,477-555-0168
37,"3612 Vista Place, Colma WA 94014",Northwind,alvin30@adventure-works.com,Alvin,Kumar,768-555-0154
38,"1895 San Carlos Ave., Kirkland WA 98033",Contoso,caleb36@adventure-works.com,Caleb,Campbell,459-555-0187
39,"3067 Maya, Coffs Harbour WA 2450",AdventureWorks,mandy24@adventure-works.com,Mandy,She,1 (11) 500 555-0154
40,"415 Silver Cypress Ct., Bendigo WA 3550",AdventureWorks,morgan24@adventure-works.com,Morgan,Johnson,1 (11) 500 555-0168
41,"3830 York Dr., Newport Beach WA 92625",AdventureWorks,robert54@adventure-works.com,Robert,Hill,652-555-0153
42,"7218 Canyon Way, Vancouver WA V7L 4J4",Northwind,sara11@adventure-works.com,Sara,Cox,382-555-0179
43,"Unter Linden 924, Kassel WA 34117",Contoso,shaun10@adventure-works.com,Shaun,Sharma,1 (11) 500 555-0121
44,"8384 Golden Rain Road, Burien WA 98168",Northwind,steven3@adventure-works.com,Steven,Selikoff,861-555-0100
45,"2585 San Vincente Drive, Gateshead WA GA10",Northwind,brad14@adventure-works.com,Brad,Raje,1 (11) 500 555-0187
46,"8158 Pheasant Court, Novato WA 94947",Northwind,abigail15@adventure-works.com,Abigail,Cox,255-555-0148
47,"852 Santa Maria, Coronado WA 92118",Northwind,jasmine49@adventure-works.com,Jasmine,Long,911-555-0187
48,"5, rue de Courtaboeuf, Paris WA 75017",Contoso,willie33@adventure-works.com,Willie,Raje,1 (11) 500 555-0172
49,"7, place Beaubernard, Paris WA 75007",Northwind,alexandra65@adventure-works.com,Alexandra,Winston,1 (11) 500 555-0160
50,"2725 Deerwood Court, Rockhampton WA 4700",Contoso,pedro5@adventure-works.com,Pedro,Malhotra,1 (11) 500 555-0175
51,"7588 Deerfield Dr, Gold Coast WA 4217",Northwind,rafael16@adventure-works.com,Rafael,Gao,1 (11) 500 555-0167
52,"6306 Manila Ave., San Carlos WA 94070",AdventureWorks,dalton92@adventure-works.com,Dalton,Reed,788-555-0118
53,"1924 Coldwater Drive, Findon WA 5023",Contoso,jaime25@adventure-works.com,Jaime,Deng,1 (11) 500 555-0166
54,"8566 Beatrice Rd., National City WA 91950",Northwind,steven32@adventure-works.com,Steven,Stewart,155-555-0117
55,"Postfach 66 11 66, Saarlouis WA 66740",AdventureWorks,alicia9@adventure-works.com,Alicia,Jai,1 (11) 500 555-0153
56,"Herzogstr 4662, Solingen WA 42651",AdventureWorks,zachary48@adventure-works.com,Zachary,Martinez,1 (11) 500 555-0190
57,"8605 Flamingo Dr, Metchosin WA V9",Northwind,kaitlyn70@adventure-works.com,Kaitlyn,Barnes,104-555-0123
58,"6299 Balance Ct., Bury WA PE17",Contoso,ronnie14@adventure-works.com,Ronnie,Ma,1 (11) 500 555-0149
59,"6868 West, Burlingame WA 94010",Northwind,meredith22@adventure-works.com,Meredith,Martin,395-555-0159
60,"9961 Tice, Burien WA 98168",AdventureWorks,jaclyn24@adventure-works.com,Jaclyn,She,676-555-0165
61,"1274 Marlboro Court, Issaquah WA 98027",Contoso,gabrielle39@adventure-works.com,Gabrielle,Gonzales,743-555-0153
62,"253 Hemlock Drive, N. Vancouver WA V7L 4J4",AdventureWorks,miranda11@adventure-works.com,Miranda,Hughes,444-555-0141
63,"6289 Via Del Verdes, Springwood WA 2777",AdventureWorks,abby11@adventure-works.com,Abby,Mehta,1 (11) 500 555-0118
64,"4810 Veronica Ct., Salem WA 97301",AdventureWorks,samantha28@adventure-works.com,Samantha,Barnes,413-555-0191
65,"4341 Lagoon Court, Spokane WA 99202",Northwind,sarah45@adventure-works.com,Sarah,Griffin,307-555-0166
66,"6200 Mt. Pisgah, Cambridge WA CB4 4BZ",Contoso,lindsey4@adventure-works.com,Lindsey,Tang,1 (11) 500 555-0120
67,"Heiderplatz 268, Stuttgart WA 70511",Contoso,ruben33@adventure-works.com,Ruben,Navarro,1 (11) 500 555-0164
68,"Buergermeister-ulrich-str 7500, München WA 80074",Contoso,kristine1@adventure-works.com,Kristine,Martin,1 (11) 500 555-0191
69,"7539 Hazelwood Lane, Sydney WA 1002",AdventureWorks,diana3@adventure-works.com,Diana,Alvarez,1 (11) 500 555-0197
70,"5900 Pinehurst Court, Spring Valley WA 91977",Contoso,xavier67@adventure-works.com,Xavier,Brooks,339-555-0199
71,"96 Citrus Ave., Mill Valley WA 94941",Northwind,savannah23@adventure-works.com,Savannah,Collins,763-555-0163
72,"2680 Woodside Way, Lemon Grove WA 91945",AdventureWorks,jackson43@adventure-works.com,Jackson,Hill,315-555-0175
73,"7538 Sherry Circle, Liverpool WA L4 4HB",AdventureWorks,sharon25@adventure-works.com,Sharon,Goel,1 (11) 500 555-0111
74,"7886 Ruth Drive, Port Hammond WA V6B 3P7",AdventureWorks,arianna15@adventure-works.com,Arianna,Gonzales,223-555-0195
75,"Heidestieg Straße 2664, Paderborn WA 33041",AdventureWorks,heidi12@adventure-works.com,Heidi,Sara,1 (11) 500 555-0114
76,"9264 Claudia Drive, Colma WA 94014",Northwind,olivia2@adventure-works.com,Olivia,Williams,399-555-0155
77,"1873 Mt. Whitney Dr, Cranbourne WA 3977",Contoso,wendy12@adventure-works.com,Wendy,Dominguez,1 (11) 500 555-0177
78,"7784 Mt. Etna, Berkeley WA 94704",Contoso,miguel50@adventure-works.com,Miguel,Ross,998-555-0130
79,"9249 Martin St, Chula Vista WA 91910",Northwind,michele39@adventure-works.com,Michele,Alvarez,103-555-0162
80,"5077 Bannock Ct., Puyallup WA 98371",Northwind,christopher27@adventure-works.com,Christopher,Jones,852-555-0198
81,"3448 Concord, Burbank WA 91502",Northwind,alexandria12@adventure-works.com,Alexandria,Flores,111-555-0183
82,"3538 Esperanza Drive, Coronado WA 92118",Contoso,sydney6@adventure-works.com,Sydney,Morgan,187-555-0175
83,"4858 Shannon Lane, Kirkby WA KB9",Northwind,victoria38@adventure-works.com,Victoria,Howard,1 (11) 500 555-0161
84,"4348 Via Romero, Darlinghurst WA 2010",Northwind,carly17@adventure-works.com,Carly,Goel,1 (11) 500 555-0118
85,"42, impasse Ste-Madeleine, Orleans WA 45000",AdventureWorks,michele41@adventure-works.com,Michele,Moreno,1 (11) 500 555-0189
86,"9514 Plymouth Dr., St. Leonards WA 2065",Contoso,derrick19@adventure-works.com,Derrick,Rubio,1 (11) 500 555-0145
87,"5725 Glaze Drive, San Francisco WA 94109",AdventureWorks,shu0@adventure-works.com,Shu,Ito,330-555-0120
88,"8421 St. Francis, Vancouver WA V7L 4J4",Northwind,kayla40@adventure-works.com,Kayla,Foster,363-555-0115
89,"8612 Pembrook Court, Lake Oswego WA 97034",Contoso,ian88@adventure-works.com,Ian,Stewart,898-555-0150
90,"717 Ridge Park Drive, Bellingham WA 98225",Contoso,brent14@adventure-works.com,Brent,Gao,146-555-0119
91,"5309 Diane Ct., Chula Vista WA 91910",Northwind,levi2@adventure-works.com,Levi,Patel,534-555-0178
92,"3925 Boyd, Darlinghurst WA 2010",Northwind,victor17@adventure-works.com,Victor,Ramos,1 (11) 500 555-0164
93,"3332 Green Valley Road, Palo Alto WA 94303",Contoso,william29@adventure-works.com,William,Walker,894-555-0145
94,"8011 Elwood Drive, Perth WA 6006",Contoso,paula21@adventure-works.com,Paula,Sanz,1 (11) 500 555-0112
95,"6, avenue de Norvege, Orleans WA 45000",Contoso,kristi35@adventure-works.com,Kristi,Martinez,1 (11) 500 555-0180
96,"2128, place du Tertre, Saint-Denis WA 93400",Contoso,natalie27@adventure-works.com,Natalie,Henderson,1 (11) 500 555-0112
97,"4849 C Olivera Rd, Royal Oak WA V8X",Contoso,jason20@adventure-works.com,Jason,Hayes,233-555-0198
98,"8434 Balhan Court, Burlingame WA 94010",Contoso,henry18@adventure-works.com,Henry,Lopez,272-555-0141
99,"6697 Ridge Park Drive, Burlingame WA 94010",Contoso,jordan50@adventure-works.com,Jordan,Lopez,987-555-0143
100,"9527 Onley Dr., Beverly Hills WA 90210",Contoso,samuel54@adventure-works.com,Samuel,Thompson,386-555-0180
101,"P.O. Box 1052, Oak Bay WA V8P",Northwind,alexia11@adventure-works.com,Alexia,Washington,507-555-0147
102,"Hans-Rosenthal-Platz 4117, Sulzbach Taunus WA 66272",Northwind,chad10@adventure-works.com,Chad,Lal,1 (11) 500 555-0147
103,"6837 Rosemarie Place, Darlinghurst WA 2010",Contoso,audrey5@adventure-works.com,Audrey,Hernandez,1 (11) 500 555-0186
104,"2804 Alderwood Lane, Chula Vista WA 91910",Northwind,kenneth14@adventure-works.com,Kenneth,Rai,744-555-0141
105,"8895 Margo Dr., Kirkland WA 98033",Contoso,julia84@adventure-works.com,Julia,Bryant,345-555-0135
106,"4309 Cambridge Drive, Langley WA V3A 4R2",Northwind,isabella28@adventure-works.com,Isabella,Bryant,799-555-0198
107,"4208 Seal Way, Peterborough WA PB12",Contoso,melody1@adventure-works.com,Melody,Gomez,1 (11) 500 555-0112
108,"8874 Dallas Drive, London WA W10 6BL",Contoso,preston16@adventure-works.com,Preston,Gonzalez,1 (11) 500 555-0121
109,"Husemann Straße 2464, Werne WA 59368",AdventureWorks,katie23@adventure-works.com,Katie,Becker,1 (11) 500 555-0140
110,"2746 F Street, Everett WA 98201",Northwind,jesse45@adventure-works.com,Jesse,Wright,118-555-0137
111,"8396 Ruth Drive, London WA SW8 1XD",Contoso,johnny9@adventure-works.com,Johnny,Lal,1 (11) 500 555-0148
112,"5276 Whitehall Drive, Stoke-on-Trent WA AS23",AdventureWorks,hector6@adventure-works.com,Hector,Alonso,1 (11) 500 555-0153
113,"6775 Firestone, Tacoma WA 98403",Contoso,kaylee7@adventure-works.com,Kaylee,Richardson,396-555-0125
114,"8245 Pinehurst Court, Berkeley WA 94704",Contoso,raymond2@adventure-works.com,Raymond,Suri,585-555-0180
115,"1315 Norse Drive, Victoria WA V8V",AdventureWorks,blake30@adventure-works.com,Blake,Hill,171-555-0174
116,"658 Pecan Street, Stoke-on-Trent WA AS23",Northwind,alvin2@adventure-works.com,Alvin,Wang,1 (11) 500 555-0112
117,"7805 Peabody Road, Lavender Bay WA 2060",Northwind,jerome6@adventure-works.com,Jerome,Alonso,1 (11) 500 555-0162
118,"52, rue Malar, Saint Germain en Laye WA 78100",Contoso,sylvia1@adventure-works.com,Sylvia,Spencer,173-555-0100
119,"5000 Bryce Dr., Westminster WA V3L 1H4",Northwind,miguel52@adventure-works.com,Miguel,Coleman,315-555-0187
120,"6820 Krueger Drive, San Gabriel WA 91776",Contoso,sarah4@adventure-works.com,Sarah,Williams,869-555-0167
121,"206 Greenview Court, Lynnwood WA 98036",Northwind,melissa9@adventure-works.com,Melissa,Butler,990-555-0186
122,"879 Hillview Ct, Colma WA 94014",Contoso,alexia7@adventure-works.com,Alexia,Perry,193-555-0135
123,"3965 Morengo Ct, Bury WA PE17",Contoso,marie8@adventure-works.com,Marie,Vance,1 (11) 500 555-0169
124,"3347 Quigley Street, Burbank WA 91502",AdventureWorks,tina2@adventure-works.com,Tina,Suri,128-555-0124
125,"637 Lindsey Court, Woodland Hills WA 91364",AdventureWorks,austin46@adventure-works.com,Austin,Taylor,621-555-0135
126,"644 North Ranchford, Brisbane WA 4000",AdventureWorks,devon11@adventure-works.com,Devon,Raje,1 (11) 500 555-0182
127,"4426 Tanager Road, Milsons Point WA 2061",Northwind,rebekah7@adventure-works.com,Rebekah,Arthur,1 (11) 500 555-0117
128,"71, rue Faubourg St Antoine, Les Ulis WA 91940",Contoso,sergio8@adventure-works.com,Sergio,Madan,1 (11) 500 555-0182
129,"9784 Vine Lane, Burien WA 98168",Contoso,glenn16@adventure-works.com,Glenn,Gao,495-555-0147
130,"9682 Concord, Haney WA V2W 1W2",Northwind,logan28@adventure-works.com,Logan,Edwards,368-555-0191
131,"5494 Roslyn Dr., Santa Cruz WA 95062",AdventureWorks,victoria23@adventure-works.com,Victoria,Hall,801-555-0169
132,"8349 Roxbury Drive, Warrington WA WA1",Contoso,mario19@adventure-works.com,Mario,Black,1 (11) 500 555-0162
133,"6648 Choctaw Court, Bury WA PE17",Northwind,carl7@adventure-works.com,Carl,Kumar,1 (11) 500 555-0199
134,"5993 Baywood Drive, Colma WA 94014",Contoso,gabrielle55@adventure-works.com,Gabrielle,Perez,988-555-0180
135,"2707 Virgil Street, Goulburn WA 2580",Northwind,arthur42@adventure-works.com,Arthur,Sanz,1 (11) 500 555-0193
136,"4444 Buckingham Dr., Langford WA V9",AdventureWorks,ian54@adventure-works.com,Ian,Washington,135-555-0185
137,"7501 Sandy Cove Lane, Newport Beach WA 92625",Northwind,isaiah45@adventure-works.com,Isaiah,Wright,525-555-0190
138,"6384 Euclid Ave., Yakima WA 98901",Northwind,dalton12@adventure-works.com,Dalton,White,609-555-0146
139,"491 Terrapin Court, N. Vancouver WA V7L 4J4",AdventureWorks,noah56@adventure-works.com,Noah,Smith,656-555-0130
140,"3769 Green Tea Drive, Milwaukie WA 97222",AdventureWorks,gabrielle46@adventure-works.com,Gabrielle,Edwards,658-555-0156
141,"9070 Muir Road, Vancouver WA V7L 4J4",Contoso,gabriel9@adventure-works.com,Gabriel,Flores,574-555-0191
142,"8286 Willow St., Burien WA 98168",AdventureWorks,kelsey0@adventure-works.com,Kelsey,She,371-555-0137
143,"3420 Weber Bryan Pl., York WA YO15",AdventureWorks,brent12@adventure-works.com,Brent,Sun,1 (11) 500 555-0195
144,"6389 Sandview Dr., Newcastle WA 2300",Contoso,alejandro15@adventure-works.com,Alejandro,Xu,1 (11) 500 555-0175
145,"5452 Corte Gilberto, Kirkby WA KB9",AdventureWorks,arturo15@adventure-works.com,Arturo,Zhu,1 (11) 500 555-0119
146,"4426 Tanager Road, Beaverton WA 97005",Contoso,victoria20@adventure-works.com,Victoria,Lewis,586-555-0191
147,"1826 Corte Del Sol, Metchosin WA V9",AdventureWorks,joshua16@adventure-works.com,Joshua,Martin,194-555-0131
148,"174 MacArthur Avenue, Spokane WA 99202",Contoso,catherine15@adventure-works.com,Catherine,Cooper,450-555-0149
149,"3726 Northridge Drive, Coffs Harbour WA 2450",Contoso,ariana21@adventure-works.com,Ariana,Stewart,1 (11) 500 555-0111
150,"5898 Heritage Oaks, Burien WA 98168",Northwind,bryce11@adventure-works.com,Bryce,Ward,732-555-0112
151,"9546 Cardinal Ct., Oxford WA OX14 4SE",Contoso,joel11@adventure-works.com,Joel,Raman,1 (11) 500 555-0178
152,"1861, boulevard Beau Marchais, Chatou WA 78400",Contoso,jordan10@adventure-works.com,Jordan,Washington,1 (11) 500 555-0183
153,"1960 Via Catanzaro, Redmond WA 98052",AdventureWorks,chloe77@adventure-works.com,Chloe,Patterson,312-555-0187
154,"4716 Cougar Way, Olympia WA 98501",AdventureWorks,jason8@adventure-works.com,Jason,Patterson,111-555-0199
155,"6985 Countrywood Ct, Billericay WA CM11",Northwind,lindsay8@adventure-works.com,Lindsay,Lal,1 (11) 500 555-0176
156,"5265 11th Ave., National City WA 91950",Northwind,erin22@adventure-works.com,Erin,Morris,148-555-0168
157,"7089 Monti Circle, Cliffside WA V8Y 1L1",Contoso,brandy20@adventure-works.com,Brandy,Chandra,323-555-0162
158,"5495 Glendale Circle, Woolston WA WA1 4SY",AdventureWorks,dominique5@adventure-works.com,Dominique,Sai,1 (11) 500 555-0183
159,"1393 Winterberry Ct., La Jolla WA 92806",Northwind,robert72@adventure-works.com,Robert,Harris,311-555-0184
160,"3859 Anchor Ave, Colma WA 94014",Northwind,christina14@adventure-works.com,Christina,Bailey,394-555-0181
161,"2559 Altura Drive, Lavender Bay WA 2060",Northwind,cassandra4@adventure-works.com,Cassandra,Van,1 (11) 500 555-0110
162,"1562 Black Walnut, Concord WA 94519",Contoso,emily27@adventure-works.com,Emily,Wood,184-555-0114
163,"6978 Hoke Dr, Issaquah WA 98027",Contoso,luke7@adventure-works.com,Luke,Bryant,172-555-0143
164,"6827 Glaze Dr., Calgary WA T2P 2G8",AdventureWorks,martha22@adventure-works.com,Martha,She,929-555-0195
165,"6312 Woodcrest Dr, Victoria WA V8V",Northwind,justin4@adventure-works.com,Justin,Perry,349-555-0169
166,"3076 Monti Dr, Newcastle WA 2300",Contoso,joanna20@adventure-works.com,Joanna,Ortega,1 (11) 500 555-0128
167,"2309 Mt. Olivet Ct., Portland WA 97205",Contoso,alex13@adventure-works.com,Alex,Richardson,812-555-0128
168,"1065 Coachman Pl., Burien WA 98168",Northwind,omar35@adventure-works.com,Omar,Chande,502-555-0195
169,"3936 Diablo View Road, Coronado WA 92118",AdventureWorks,jaclyn18@adventure-works.com,Jaclyn,Liang,883-555-0146
170,"7503 Sheffield Place, Shawnee WA V9B 2C3",Contoso,vanessa9@adventure-works.com,Vanessa,Powell,379-555-0177
171,"3769 Loma Linda, London WA W1V 5RN",Northwind,jorge4@adventure-works.com,Jorge,Li,1 (11) 500 555-0167
172,"9559, avenue de Villiers, Paris WA 75007",Contoso,tonya2@adventure-works.com,Tonya,Shen,1 (11) 500 555-0134
173,"9233 Del Rey St., London WA W1N 9FA",Contoso,carl3@adventure-works.com,Carl,Xie,1 (11) 500 555-0116
174,"8882 Weatherly Way, Bellingham WA 98225",AdventureWorks,ebony37@adventure-works.com,Ebony,Blanco,136-555-0124
175,"8198 Mt. Whitney Dr., La Jolla WA 92806",AdventureWorks,emma38@adventure-works.com,Emma,Howard,256-555-0139
176,"1104 Colton Ln, Burien WA 98168",AdventureWorks,leslie20@adventure-works.com,Leslie,Sanz,583-555-0119
177,"9201 Lexington Rd., Yakima WA 98901",Northwind,catherine17@adventure-works.com,Catherine,Rogers,190-555-0182
178,"6252 Winding Lane, Cranbourne WA 3977",Contoso,desiree7@adventure-works.com,Desiree,Gutierrez,1 (11) 500 555-0161
179,"7527 Brook Way, Sedro Woolley WA 98284",Contoso,jason24@adventure-works.com,Jason,Li,952-555-0172
180,"1039, rue Mazagran, Drancy WA 93700",Contoso,grace52@adventure-works.com,Grace,Henderson,1 (11) 500 555-0164
181,"3444 Elkwood Dr., Townsville WA 4810",Northwind,brett21@adventure-works.com,Brett,Perez,1 (11) 500 555-0145
182,"5065 Fairfield Ave, Metchosin WA V9",AdventureWorks,samantha40@adventure-works.com,Samantha,Bryant,161-555-0187
183,"3166 Rosemarie Place, Haney WA V2W 1W2",Northwind,wyatt42@adventure-works.com,Wyatt,Roberts,712-555-0117
184,"3127 El Camino Drive, Index WA 98256",Northwind,karen0@adventure-works.com,Karen,Berge,746-555-0164
185,"7464 Mozden Lane, Wollongong WA 2500",Contoso,lisa21@adventure-works.com,Lisa,Guo,1 (11) 500 555-0133
186,"9430 La Vista Avenue, Port Macquarie WA 2444",Northwind,alfredo2@adventure-works.com,Alfredo,Gomez,1 (11) 500 555-0191
187,"1029 Birchwood Dr, Burien WA 98168",AdventureWorks,natasha9@adventure-works.com,Natasha,Navarro,219-555-0118
188,"3824 White Dr, Glendale WA 91203",Contoso,caleb19@adventure-works.com,Caleb,Hayes,243-555-0128
189,"1271 Yosemite Circle, Spokane WA 99202",Northwind,mariah18@adventure-works.com,Mariah,Washington,764-555-0112
190,"4022 H Pine Creek Way, Burien WA 98168",AdventureWorks,kaylee4@adventure-works.com,Kaylee,Gray,550-555-0185
191,"27, place de Brazaville, Pantin WA 93500",Contoso,kenneth17@adventure-works.com,Kenneth,Becker,1 (11) 500 555-0110
192,"1809 Candellero Dr., Oakland WA 94611",Northwind,xavier53@adventure-works.com,Xavier,Washington,965-555-0186
193,"4387 Linden Land, Mill Valley WA 94941",Northwind,brittany19@adventure-works.com,Brittany,Griffin,438-555-0111
194,"5337 Claudia Dr., Sydney WA 1002",AdventureWorks,emma16@adventure-works.com,Emma,Martinez,1 (11) 500 555-0144
195,"558, rue Faubourg St Antoine, Versailles WA 78000",AdventureWorks,isaac5@adventure-works.com,Isaac,Gray,1 (11) 500 555-0161
196,"667 Miller Dr., Downey WA 90241",Northwind,eric46@adventure-works.com,Eric,Roberts,916-555-0129
197,"Winter der Böck 8559, Frankfurt am Main WA 60061",AdventureWorks,martin15@adventure-works.com,Martin,Sara,1 (11) 500 555-0189
198,"406 Countrywood Ct., Corvallis WA 97330",Northwind,samantha39@adventure-works.com,Samantha,Gonzales,701-555-0179
199,"Pflugstr 65, Neunkirchen WA 66578",AdventureWorks,roger37@adventure-works.com,Roger,Sharma,1 (11) 500 555-0174
200,"7035 Creekridge Lane, Concord WA 94519",Contoso,dylan15@adventure-works.com,Dylan,Foster,246-555-0114
201,"7208 Peach Place, Novato WA 94947",Contoso,alexa6@adventure-works.com,Alexa,James,897-555-0196
202,"8328 San Francisco, Portland WA 97205",Northwind,jasmine32@adventure-works.com,Jasmine,Torres,939-555-0130
203,"1956 Pine Drive, Matraville WA 2036",Contoso,ebony31@adventure-works.com,Ebony,Ashe,1 (11) 500 555-0123
204,"5500 Grammercy Lane, Gloucestershire WA GL7 1RY",AdventureWorks,colleen22@adventure-works.com,Colleen,Cai,1 (11) 500 555-0159
205,"3141 Gingham Way, Salem WA 97301",Contoso,kaitlyn19@adventure-works.com,Kaitlyn,Lopez,841-555-0144
206,"7207 Sycamore Dr., West Covina WA 91791",Northwind,angel19@adventure-works.com,Angel,Reed,820-555-0121
207,"5, rue de Courtaboeuf, Saint-Denis WA 93400",AdventureWorks,ruben7@adventure-works.com,Ruben,Arun,1 (11) 500 555-0143
208,"7371 Diehl Way, Beverly Hills WA 90210",Northwind,grace1@adventure-works.com,Grace,Williams,249-555-0113
209,"4697 Yosemite Dr., Burlingame WA 94010",Northwind,meredith35@adventure-works.com,Meredith,Torres,908-555-0132
210,"8817 Cynthia Drive, Findon WA 5023",Contoso,phillip1@adventure-works.com,Phillip,Suri,1 (11) 500 555-0151
211,"5665 Las Lomas Way, Bremerton WA 98312",Northwind,kristopher3@adventure-works.com,Kristopher,Patel,632-555-0157
212,"6659 Poplar Street, Issaquah WA 98027",Contoso,austin49@adventure-works.com,Austin,Harris,593-555-0113
213,"2023 Flame Drive, Novato WA 94947",AdventureWorks,jacqueline31@adventure-works.com,Jacqueline,Ramirez,475-555-0142
214,"6872 Sandalwood Dr., Findon WA 5023",AdventureWorks,tammy7@adventure-works.com,Tammy,Arthur,1 (11) 500 555-0111
215,"3376 Bynum Way, St. Leonards WA 2065",Northwind,anne12@adventure-works.com,Anne,Gutierrez,1 (11) 500 555-0194
216,"1790 Holton Court, Burbank WA 91502",Northwind,rafael4@adventure-works.com,Rafael,Liu,509-555-0160
217,"Auf der Krone 75, Paderborn WA 33098",Northwind,matthew27@adventure-works.com,Matthew,Walker,1 (11) 500 555-0178
218,"2582 California Street, Rockhampton WA 4700",Contoso,morgan63@adventure-works.com,Morgan,Gray,1 (11) 500 555-0112
219,"8315 Rolando Avenue, Rockhampton WA 4700",Contoso,roger23@adventure-works.com,Roger,Zheng,1 (11) 500 555-0163
220,"2774 Eagle Peak, Beaverton WA 97005",Contoso,emma13@adventure-works.com,Emma,Harris,697-555-0171
221,"2959 Freda Drive, Hawthorne WA 4171",Northwind,roy25@adventure-works.com,Roy,Alvarez,1 (11) 500 555-0116
222,"4596 Hill Meadow Place, Walla Walla WA 99362",AdventureWorks,david38@adventure-works.com,David,Coleman,779-555-0199
223,"7, rue des Vendangeurs, Tremblay-en-France WA 93290",AdventureWorks,brandi19@adventure-works.com,Brandi,Sanz,1 (11) 500 555-0185
224,"5911, rue des Ecoles, Paris WA 75016",AdventureWorks,geoffrey14@adventure-works.com,Geoffrey,Lopez,1 (11) 500 555-0143
225,"1077 Willow Court, Imperial Beach WA 91932",Contoso,amanda59@adventure-works.com,Amanda,Baker,991-555-0143
226,"3309 Clay Way, Spring Valley WA 91977",Contoso,luke25@adventure-works.com,Luke,Jenkins,307-555-0136
227,"5461 Camino Verde Ct., Lakewood WA 90712",Northwind,robert82@adventure-works.com,Robert,Lee,447-555-0174
228,"909, rue Saint Denis, Paris WA 75003",Northwind,audrey2@adventure-works.com,Audrey,Gomez,1 (11) 500 555-0197
229,"Heiderplatz 662, Saarbrücken WA 66001",Northwind,johnathan4@adventure-works.com,Johnathan,Patel,1 (11) 500 555-0197
230,"8576 South Villa Way, Marysville WA 98270",Northwind,faith6@adventure-works.com,Faith,Jenkins,372-555-0114
231,"9618 San Rafael, Melbourne WA 3000",Contoso,devin31@adventure-works.com,Devin,Gonzalez,1 (11) 500 555-0110
232,"7427 Terra Catalina, North Sydney WA 2055",AdventureWorks,candice19@adventure-works.com,Candice,Sun,1 (11) 500 555-0174
233,"5456 Old Oak Drive, Long Beach WA 90802",AdventureWorks,ashley40@adventure-works.com,Ashley,Washington,202-555-0164
234,"6934 Dos Encinas, Royal Oak WA V8X",AdventureWorks,thomas21@adventure-works.com,Thomas,Alexander,126-555-0133
235,"2228 Vista Avenue, W. Linn WA 97068",Northwind,alexa10@adventure-works.com,Alexa,Ward,118-555-0167
236,"66, avenue de Malakoff, Croix WA 59170",AdventureWorks,craig20@adventure-works.com,Craig,Rubio,1 (11) 500 555-0137
237,"5667, rue Mazagran, Lille WA 59000",AdventureWorks,jocelyn20@adventure-works.com,Jocelyn,Griffin,1 (11) 500 555-0171
238,"764 Quail Court, Sedro Woolley WA 98284",AdventureWorks,logan21@adventure-works.com,Logan,Griffin,959-555-0176
239,"4803 Panoramic Ave., Cloverdale WA 6105",Contoso,kathleen20@adventure-works.com,Kathleen,Rubio,1 (11) 500 555-0144
240,"41, rue Henri Gagnon, Paris WA 75007",Contoso,reginald9@adventure-works.com,Reginald,Gomez,1 (11) 500 555-0161
241,"7939 O St., Chula Vista WA 91910",Northwind,benjamin32@adventure-works.com,Benjamin,Sharma,548-555-0132
242,"Buergermeister-ulrich-str 4499, Frankfurt WA 60323",AdventureWorks,sharon14@adventure-works.com,Sharon,Kumar,1 (11) 500 555-0173
243,"174 Carlotta, Colma WA 94014",Northwind,jay16@adventure-works.com,Jay,Prasad,353-555-0119
244,"8874 Folson Drive, Newcastle upon Tyne WA NT20",Contoso,katrina17@adventure-works.com,Katrina,Nath,1 (11) 500 555-0154
245,"8042 Dent Way, Fremont WA 94536",AdventureWorks,melanie43@adventure-works.com,Melanie,Morris,135-555-0115
246,"4095 Minert Rd., Goulburn WA 2580",Northwind,kathryn14@adventure-works.com,Kathryn,Chapman,1 (11) 500 555-0127
247,"2710 Saddlehill Lane, Woodburn WA 97071",Contoso,luke50@adventure-works.com,Luke,Wright,145-555-0162
248,"7341 Rockne Drive, London WA SW19 3RU",Contoso,whitney7@adventure-works.com,Whitney,Srini,1 (11) 500 555-0115
249,"6543 Jacobsen Street, Wokingham WA RG41 1QW",Northwind,edgar21@adventure-works.com,Edgar,Sanchez,1 (11) 500 555-0117
250,"Husemann Straße 4444, Hamburg WA 20354",Northwind,regina12@adventure-works.com,Regina,Subram,1 (11) 500 555-0166
251,"9772 Mountain View Drive, Goulburn WA 2580",Northwind,troy16@adventure-works.com,Troy,Garcia,1 (11) 500 555-0173
252,"2918 Pleasant Circle, Beverly Hills WA 90210",Contoso,clayton8@adventure-works.com,Clayton,Ye,556-555-0135
253,"214, rue Léo Delibes, Paris WA 75013",Contoso,gerald41@adventure-works.com,Gerald,Rana,1 (11) 500 555-0175
254,"9231 Brook Hollow Ct., East Brisbane WA 4169",Contoso,dennis21@adventure-works.com,Dennis,Zheng,1 (11) 500 555-0189
255,"7866 Northridge Ct., Edmonds WA 98020",Contoso,mackenzie39@adventure-works.com,Mackenzie,Hernandez,896-555-0156
256,"165 East Lane Road, Lakewood WA 90712",AdventureWorks,jonathan4@adventure-works.com,Jonathan,Henderson,149-555-0113
257,"4179 Green St., W. York WA BD1 4SJ",Northwind,claudia13@adventure-works.com,Claudia,Gao,1 (11) 500 555-0179
258,"6703 Milburn Dr., Santa Monica WA 90401",Northwind,emma37@adventure-works.com,Emma,Cox,818-555-0195
259,"2383 Pepper Drive, Concord WA 94519",Contoso,deanna38@adventure-works.com,Deanna,Torres,199-555-0158
260,"4265 Ashwood Drive, Burlingame WA 94010",Northwind,tina17@adventure-works.com,Tina,Fernandez,249-555-0139
261,"6177 Arleda Lane, Grossmont WA 91941",AdventureWorks,charles18@adventure-works.com,Charles,Martin,305-555-0189
262,"8922 Preston Ct, Kirkland WA 98033",AdventureWorks,vanessa15@adventure-works.com,Vanessa,Butler,863-555-0184
263,"6993 Whyte Park Ave., Olympia WA 98501",Northwind,ashley18@adventure-works.com,Ashley,Martinez,131-555-0194
264,"3623 Buskirk Avenue, San Carlos WA 94070",Northwind,james83@adventure-works.com,James,Thomas,620-555-0118
265,"399 Orange Street, Westminster WA V3L 1H4",Northwind,luis35@adventure-works.com,Luis,Collins,110-555-0123
266,"8245 Highland Dr., Redwood City WA 94063",Northwind,natalie56@adventure-works.com,Natalie,Scott,882-555-0172
267,"9720 Dalis Dr., San Gabriel WA 91776",Northwind,noah37@adventure-works.com,Noah,Carter,625-555-0118
268,"8474 Haynes Court, Lebanon WA 97355",AdventureWorks,edward65@adventure-works.com,Edward,Gonzales,347-555-0116
269,"8994 Richard Ave., Seaford WA 3198",Northwind,natasha19@adventure-works.com,Natasha,Suarez,1 (11) 500 555-0183
270,"8281 Rhoda Way, Novato WA 94947",Contoso,victoria59@adventure-works.com,Victoria,Hughes,584-555-0135
271,"8, rue Pierre-Demoulin, Sèvres WA 92310",Contoso,tasha6@adventure-works.com,Tasha,Luo,1 (11) 500 555-0126
272,"Zollstr 68, Erlangen WA 91054",AdventureWorks,nina2@adventure-works.com,Nina,Shen,1 (11) 500 555-0123
273,"7214 Peachwillow, Santa Cruz WA 95062",AdventureWorks,jasmine54@adventure-works.com,Jasmine,Simmons,617-555-0161
274,"2938 Woodsworth Lane, Darlinghurst WA 2010",Contoso,erick7@adventure-works.com,Erick,Madan,1 (11) 500 555-0145
275,"7783 Limewood Pl, Bremerton WA 98312",Contoso,jackson24@adventure-works.com,Jackson,Hayes,214-555-0114
276,"5502 Sun View Terr., Issaquah WA 98027",AdventureWorks,ryan45@adventure-works.com,Ryan,Miller,341-555-0122
277,"965 Esperanza Drive, Bellflower WA 90706",Contoso,jesse32@adventure-works.com,Jesse,Baker,141-555-0113
278,"21, avenue de l´ Union Centrale, Lille WA 59000",Contoso,ashley42@adventure-works.com,Ashley,Simmons,1 (11) 500 555-0145
279,"6089 Santa Fe Dr., Torrance WA 90505",Northwind,courtney12@adventure-works.com,Courtney,Adams,709-555-0119
280,"5046 Queens Road, Everett WA 98201",Contoso,steven17@adventure-works.com,Steven,Ramirez,677-555-0129
281,"7317 Cortes, Cranbourne WA 3977",Contoso,ruben13@adventure-works.com,Ruben,Raman,1 (11) 500 555-0115
282,"352 Margo Dr., Burbank WA 91502",AdventureWorks,eduardo75@adventure-works.com,Eduardo,Ramirez,552-555-0158
283,"8412 Jorge, Concord WA 94519",Contoso,randall3@adventure-works.com,Randall,Ruiz,727-555-0111
284,"8814 Fieldbrook Pl, Woodburn WA 97071",Northwind,richard38@adventure-works.com,Richard,Edwards,736-555-0187
285,"9770 Fraga Court, Imperial Beach WA 91932",Contoso,jessica20@adventure-works.com,Jessica,James,983-555-0126
286,"4421 Alderwood Lane, Long Beach WA 90802",Northwind,grace16@adventure-works.com,Grace,Garcia,824-555-0118
287,"9620 Fallbrook Road, Berkeley WA 94704",Northwind,clarence20@adventure-works.com,Clarence,Luo,733-555-0149
288,"8995 Stanford St., Corvallis WA 97330",AdventureWorks,noah66@adventure-works.com,Noah,Clark,811-555-0121
289,"4925 Mariposa Ct., Shawnee WA V8Z 4N5",Contoso,gabrielle57@adventure-works.com,Gabrielle,Green,143-555-0148
290,"3152 Greystone Drive, West Sussex WA RH15 9UD",Northwind,carrie6@adventure-works.com,Carrie,Moreno,1 (11) 500 555-0159
291,"9430 Versailles Pl, Burien WA 98168",Contoso,johnathan5@adventure-works.com,Johnathan,Vance,494-555-0166
292,"5366 Terry Lynn Lane, North Ryde WA 2113",Northwind,casey32@adventure-works.com,Casey,Alonso,1 (11) 500 555-0186
293,"9104 Mt. Sequoia Ct., Sammamish WA 98074",AdventureWorks,susan1@adventure-works.com,Susan,Metters,639-555-0164
294,"2866 Reisling Court, Oak Bay WA V8P",Northwind,deb9@adventure-works.com,Deb,Foster,741-555-0174
295,"2, rue Lafayette, Bobigny WA 93000",Contoso,monique11@adventure-works.com,Monique,Vazquez,1 (11) 500 555-0129
296,"9186 West Boyd Rd., Milton Keynes WA MK8 8DF",Contoso,george13@adventure-works.com,George,McDonald,1 (11) 500 555-0150
297,"8837 Almond Avenue, Newton WA V2L3W8",Contoso,brianna20@adventure-works.com,Brianna,Lewis,108-555-0114
298,"Am Grossen Dern 45, Darmstadt WA 64283",Contoso,francis19@adventure-works.com,Francis,Ortega,1 (11) 500 555-0150
299,"4373 Sherry Circle, Portland WA 97205",Contoso,mary21@adventure-works.com,Mary,Gonzalez,385-555-0161
300,"3884 Beauty Street, Renton WA 98055",Contoso,anna25@adventure-works.com,Anna,Price,398-555-0123
301,"464 Ahneita Dr., Runcorn WA TY31",AdventureWorks,alisha16@adventure-works.com,Alisha,Ma,1 (11) 500 555-0168
302,"1020, quai de Grenelle, Versailles WA 78000",Contoso,ramon15@adventure-works.com,Ramon,Guo,1 (11) 500 555-0169
303,"376, rue de Terre Neuve, Versailles WA 78000",AdventureWorks,adam19@adventure-works.com,Adam,Hayes,1 (11) 500 555-0119
304,"4898 Hillview Dr., North Sydney WA 2055",Contoso,mario18@adventure-works.com,Mario,Goel,1 (11) 500 555-0137
305,"9235 Logan Court, Newton WA V2M1N7",Contoso,angela39@adventure-works.com,Angela,Morgan,829-555-0126
306,"4701 Mt. Dell Drive, Portland WA 97205",AdventureWorks,amanda15@adventure-works.com,Amanda,Gray,361-555-0183
307,"182, avenue des Laurentides, Paris WA 75017",Contoso,lydia10@adventure-works.com,Lydia,Rana,1 (11) 500 555-0182
308,"9745 Bonita Ct., Bellevue WA 98004",Contoso,shane0@adventure-works.com,Shane,Kim,810-555-0178
309,"1224 Shoenic, Novato WA 94947",Northwind,jack51@adventure-works.com,Jack,Green,433-555-0195
310,"8321 Marina Lakes Dr., Melton WA 3337",Northwind,marc18@adventure-works.com,Marc,Vazquez,1 (11) 500 555-0112
311,"640bis, boulevard Saint Germain, Villeneuve-d'Ascq WA 59491",Contoso,connor43@adventure-works.com,Connor,Hill,1 (11) 500 555-0133
312,"7106 Roland Dr., Sedro Woolley WA 98284",Contoso,garrett22@adventure-works.com,Garrett,Sanchez,139-555-0131
313,"4535 Sun Hill Lane, Fremont WA 94536",Northwind,allison14@adventure-works.com,Allison,Murphy,209-555-0125
314,"5556 Poppy Place, Lynnwood WA 98036",AdventureWorks,benjamin56@adventure-works.com,Benjamin,Clark,676-555-0162
315,"8790 N. 108th St., Lake Oswego WA 97034",Northwind,rachel16@adventure-works.com,Rachel,Harris,522-555-0152
316,"1613 Santa Maria, Bellingham WA 98225",Northwind,jerry17@adventure-works.com,Jerry,Chander,278-555-0110
317,"5818 San Rafael, Grossmont WA 91941",AdventureWorks,maria5@adventure-works.com,Maria,Cook,484-555-0164
318,"5208 Poppy Circle, Spring Valley WA 91977",AdventureWorks,angelica4@adventure-works.com,Angelica,Henderson,779-555-0162
319,"870, rue de Fontfroide, Paris WA 75012",Contoso,pamela12@adventure-works.com,Pamela,Prasad,1 (11) 500 555-0149
320,"5146 California Street, Warrington WA WA1",Northwind,joe42@adventure-works.com,Joe,Carlson,1 (11) 500 555-0123
321,"3994 Sucamore Drive, Malabar WA 2036",AdventureWorks,shane4@adventure-works.com,Shane,Suri,1 (11) 500 555-0143
322,"3005 Potomac Drive, Beaverton WA 97005",AdventureWorks,eddie7@adventure-works.com,Eddie,Munoz,806-555-0179
323,"3236 Wibur Ave., Lake Oswego WA 97034",Contoso,ashley1@adventure-works.com,Ashley,Johnson,189-555-0116
324,"9433 Athene Drive, Bremerton WA 98312",Northwind,janelle11@adventure-works.com,Janelle,Garcia,890-555-0135
325,"3663 Colt Ct., Santa Monica WA 90401",Contoso,samuel41@adventure-works.com,Samuel,Mitchell,654-555-0112
326,"Berliner Platz 664, Solingen WA 42651",AdventureWorks,brianna47@adventure-works.com,Brianna,Sandberg,1 (11) 500 555-0177
327,"3989 Terrace Drive, Bellingham WA 98225",Northwind,ramon3@adventure-works.com,Ramon,Liu,292-555-0156
328,"1713 Alvarado, Royal Oak WA V8X",AdventureWorks,carson15@adventure-works.com,Carson,Foster,527-555-0115
329,"6026 Lacanda Ct, W. Linn WA 97068",Northwind,kimberly8@adventure-works.com,Kimberly,Peterson,557-555-0183
330,"Am Gallberg 644, Berlin WA 12171",Northwind,tina23@adventure-works.com,Tina,Perez,1 (11) 500 555-0149
331,"343, rue de Cambrai, Paris WA 75010",Northwind,alison17@adventure-works.com,Alison,Nara,1 (11) 500 555-0143
332,"614 Shepberry Court, Olympia WA 98501",Northwind,isaac29@adventure-works.com,Isaac,Campbell,496-555-0172
333,"6905 Mendouno Dr., Grossmont WA 91941",Northwind,jordan33@adventure-works.com,Jordan,Turner,382-555-0160
334,"2214 Solano, Burbank WA 91502",Northwind,april10@adventure-works.com,April,Pal,472-555-0185
335,"8144 Ryan Court, Melton WA 3337",Contoso,brianna66@adventure-works.com,Brianna,Griffin,1 (11) 500 555-0118
336,"8887 Entrada Circle, London WA W1N 9FA",AdventureWorks,manuel19@adventure-works.com,Manuel,Perez,1 (11) 500 555-0149
337,"6445 Heartwood Drive, Haney WA V2W 1W2",AdventureWorks,morgan20@adventure-works.com,Morgan,Hall,175-555-0161
338,"3001 Mt. Etna, Bellingham WA 98225",Contoso,eduardo15@adventure-works.com,Eduardo,Garcia,929-555-0115
339,"636 Vine Hill Way, Portland WA 97205",AdventureWorks,pamela0@adventure-works.com,Pamela,Ansman-Wolfe,340-555-0193
340,"Postfach 55 00 00, Paderborn WA 33098",AdventureWorks,misty7@adventure-works.com,Misty,Luo,1 (11) 500 555-0162
341,"8011 Mcnutt Ave, Woodburn WA 97071",AdventureWorks,jose56@adventure-works.com,Jose,Wright,571-555-0110
342,"5639 Lee Lane, Geelong WA 3220",Contoso,carolyn15@adventure-works.com,Carolyn,Fernandez,1 (11) 500 555-0134
343,"Hans-Rosenthal-Platz 4108, Berlin WA 14197",AdventureWorks,jarrod6@adventure-works.com,Jarrod,Arthur,1 (11) 500 555-0119
344,"4837 Melrose Place, Lancaster WA LA1 1LN",Northwind,emmanuel18@adventure-works.com,Emmanuel,Sanchez,1 (11) 500 555-0197
345,"746 Whiteaben Drive, Walla Walla WA 99362",AdventureWorks,patrick20@adventure-works.com,Patrick,Murphy,276-555-0144
346,"5790 Ponderosa Drive, Lebanon WA 97355",Northwind,brianna2@adventure-works.com,Brianna,Williams,598-555-0182
347,"3023 Adria Drive, Salem WA 97301",Contoso,aidan7@adventure-works.com,Aidan,Jenkins,162-555-0134
348,"1732 Parakeet, Port Hammond WA V6B 3P7",AdventureWorks,eric19@adventure-works.com,Eric,Patterson,774-555-0131
349,"7419 San Ramon Road, Los Angeles WA 90012",Northwind,abigail62@adventure-works.com,Abigail,Lewis,455-555-0152
350,"920 Holiday Hills Drive, Berkeley WA 94704",Contoso,paula8@adventure-works.com,Paula,Jimenez,115-555-0146
351,"2969 Broadmoor Avenue, Burien WA 98168",Contoso,ian38@adventure-works.com,Ian,Edwards,107-555-0166
352,"Rykestr 8295, Hamburg WA 22001",AdventureWorks,steve20@adventure-works.com,Steve,Guo,1 (11) 500 555-0114
353,"4056 Marina Vill Pkwy., Daly City WA 94015",AdventureWorks,richard69@adventure-works.com,Richard,Butler,491-555-0118
354,"7230 Berrellesa Street, Milwaukie WA 97222",AdventureWorks,michael36@adventure-works.com,Michael,Brown,941-555-0135
355,"8553 R St., Salem WA 97301",Contoso,gabrielle1@adventure-works.com,Gabrielle,Morris,458-555-0132
356,"6155 Larch Ct., Sooke WA V0",Contoso,jessica44@adventure-works.com,Jessica,Russell,274-555-0128
357,"1739 Sun View Terr, Lincoln Acres WA 91950",Northwind,andrea12@adventure-works.com,Andrea,Howard,950-555-0111
358,"9788 Thors Bay Road, Matraville WA 2036",Northwind,patrick4@adventure-works.com,Patrick,Sands,153-555-0100
359,"717 Westwood Court, Burbank WA 91502",AdventureWorks,steve25@adventure-works.com,Steve,Zeng,649-555-0123
360,"5863 Sierra, Bellevue WA 98004",Northwind,dan1@adventure-works.com,Dan,Wilson,653-555-0144
361,"Dunckerstr 185, Erlangen WA 91054",Contoso,louis39@adventure-works.com,Louis,Wang,1 (11) 500 555-0142
362,"3, rue de l'Espace De Schengen, Roissy en Brie WA 77680",Contoso,alfredo21@adventure-works.com,Alfredo,Sandberg,1 (11) 500 555-0198
363,"4299 Vernal Drive, Burien WA 98168",Northwind,leonard12@adventure-works.com,Leonard,Jai,676-555-0120
364,"778, rue Marbeuf, Orleans WA 45000",Contoso,susan15@adventure-works.com,Susan,Huang,1 (11) 500 555-0123
365,"7861 Silverado Dr., Redmond WA 98052",Northwind,marcus52@adventure-works.com,Marcus,Barnes,890-555-0111
366,"4039 Elkwood Dr., Haney WA V2W 1W2",AdventureWorks,victoria17@adventure-works.com,Victoria,Garcia,543-555-0198
367,"6948 Midway Ct, Imperial Beach WA 91932",AdventureWorks,alexa7@adventure-works.com,Alexa,Richardson,764-555-0166
368,"Hochstr 8444, Hamburg WA 20354",Northwind,cheryl7@adventure-works.com,Cheryl,Jiménez,1 (11) 500 555-0165
369,"4769 Mt. View Dr., El Cajon WA 92020",Northwind,jack43@adventure-works.com,Jack,Baker,112-555-0112
370,"4927 Virgil Street, Redmond WA 98052",AdventureWorks,angela41@adventure-works.com,Angela,Murphy,451-555-0162
371,"5287 Race Road, Brisbane WA 4000",Northwind,francis2@adventure-works.com,Francis,Alvarez,1 (11) 500 555-0176
372,"33, rue Georges-Clémenceau, Saint-Denis WA 93400",AdventureWorks,terrance19@adventure-works.com,Terrance,Perez,1 (11) 500 555-0119
373,"1102 Geary Ct, Lancaster WA LA1 1LN",Contoso,sandra9@adventure-works.com,Sandra,Li,1 (11) 500 555-0163
374,"Nonnendamm 9, Frankfurt am Main WA 60082",Northwind,terrence21@adventure-works.com,Terrence,Black,1 (11) 500 555-0172
375,"4581 Coldwater Drive, Rockhampton WA 4700",AdventureWorks,eugene19@adventure-works.com,Eugene,Gao,1 (11) 500 555-0177
376,"2926 St. Paul Way, Kirkland WA 98033",AdventureWorks,carlos36@adventure-works.com,Carlos,Gonzalez,436-555-0124
377,"9815 Marlboro Court, East Brisbane WA 4169",Northwind,rachael3@adventure-works.com,Rachael,Patel,1 (11) 500 555-0167
378,"9534 Hartnell Court, Los Angeles WA 90012",Northwind,alexa21@adventure-works.com,Alexa,Stewart,776-555-0128
379,"5338 Moccasin Ct, Victoria WA V8V",Northwind,brandon7@adventure-works.com,Brandon,Long,407-555-0119
380,"Lindenalle 384, Dresden WA 01071",Contoso,jaime30@adventure-works.com,Jaime,Yuan,1 (11) 500 555-0169
381,"3711 Rollingwood Dr, Bellevue WA 98004",AdventureWorks,rostislav0@adventure-works.com,Rostislav,Shabalin,751-555-0134
382,"610, boulevard Tremblay, Orleans WA 45000",AdventureWorks,janet13@adventure-works.com,Janet,Alonso,1 (11) 500 555-0112
383,"9563 Lani Kai Drive, Tacoma WA 98403",Northwind,seth7@adventure-works.com,Seth,Wilson,619-555-0115
384,"2945 Hilton Way, Santa Cruz WA 95062",AdventureWorks,jade8@adventure-works.com,Jade,Howard,544-555-0190
385,"3870 Grand Ct., Matraville WA 2036",Northwind,janet11@adventure-works.com,Janet,Moreno,1 (11) 500 555-0127
386,"4019 Gumwood Dr., Berkeley WA 94704",Northwind,william12@adventure-works.com,William,Martinez,142-555-0130
387,"2982 Evelyn Court, Cliffside WA V8Y 1L1",Contoso,samantha12@adventure-works.com,Samantha,Thomas,198-555-0136
388,"6834 Violetta, Sydney WA 1002",Contoso,kurt15@adventure-works.com,Kurt,Chavez,1 (11) 500 555-0116
389,"239 Crown Court, Milwaukie WA 97222",Northwind,savannah45@adventure-works.com,Savannah,Hall,812-555-0162
390,"8668 Via Neruda, Novato WA 94947",Northwind,jacob4@adventure-works.com,Jacob,Brown,588-555-0115
391,"5068 N Francisco Way, Royal Oak WA V8X",AdventureWorks,charles22@adventure-works.com,Charles,Robinson,826-555-0121
392,"4698 G Street, Newcastle upon Tyne WA NT20",Contoso,sandra17@adventure-works.com,Sandra,Zhao,1 (11) 500 555-0162
393,"1293 Silverwood Drive, Milton Keynes WA MK8 8ZD",Contoso,stefanie17@adventure-works.com,Stefanie,Rodriguez,1 (11) 500 555-0182
394,"9052 Maureen Lane, Kirkby WA KB9",AdventureWorks,richard82@adventure-works.com,Richard,Kelly,1 (11) 500 555-0148
395,"6682 B Way, Sedro Woolley WA 98284",AdventureWorks,morgan7@adventure-works.com,Morgan,Nelson,122-555-0152
396,"4173 Rockledge Lane, Colma WA 94014",Northwind,toni14@adventure-works.com,Toni,Mehta,786-555-0184
397,"1059 Kirkwood Ct, W. York WA BD1 4SJ",AdventureWorks,kelvin42@adventure-works.com,Kelvin,She,1 (11) 500 555-0192
398,"5869 Heights Avenue, Walla Walla WA 99362",AdventureWorks,miguel8@adventure-works.com,Miguel,Taylor,923-555-0110
399,"934 Acardia Pl, Watford WA WA3",AdventureWorks,miguel29@adventure-works.com,Miguel,Hill,1 (11) 500 555-0118
400,"8727 Buena Vista Ave., Fremont WA 94536",Northwind,courtney13@adventure-works.com,Courtney,Baker,133-555-0128
401,"9736 Colorado Dr., Burien WA 98168",Northwind,natasha14@adventure-works.com,Natasha,Vazquez,177-555-0115
402,"4769 Book Ct, Milwaukie WA 97222",Northwind,jose15@adventure-works.com,Jose,Griffin,789-555-0114
403,"Attaché de Presse, Roubaix WA 59100",Northwind,jason14@adventure-works.com,Jason,Gonzales,1 (11) 500 555-0184
404,"Erlenweg 2624, Sulzbach Taunus WA 66272",Northwind,audrey6@adventure-works.com,Audrey,Alvarez,1 (11) 500 555-0163
405,"8150 Ryan Rd., Spring Valley WA 91977",Contoso,jonathan38@adventure-works.com,Jonathan,Nelson,173-555-0187
406,"7462 Linden Land, Wollongong WA 2500",Northwind,victoria35@adventure-works.com,Victoria,Cooper,1 (11) 500 555-0192
407,"4039 Elkwood Dr., Ballard WA 98107",Contoso,karl3@adventure-works.com,Karl,Xie,508-555-0163
408,"3847 Mt. Diablo St, Puyallup WA 98371",Contoso,angela42@adventure-works.com,Angela,Bailey,326-555-0119
409,"1614 Green St, Warrington WA WA1",Northwind,douglas16@adventure-works.com,Douglas,Raman,1 (11) 500 555-0132
410,"2039 Dallis Dr., Lincoln Acres WA 91950",Northwind,elizabeth8@adventure-works.com,Elizabeth,Brown,427-555-0177
411,"6672 Mt. Dias Blvd., Port Macquarie WA 2444",Contoso,philip17@adventure-works.com,Philip,Carlson,1 (11) 500 555-0110
412,"639 La Corte Bonita, Oxon WA OX16 8RS",AdventureWorks,francisco1@adventure-works.com,Francisco,Suri,1 (11) 500 555-0189
413,"Rotthäuser Weg 22, Hannover WA 30601",Contoso,stacy16@adventure-works.com,Stacy,Blanco,1 (11) 500 555-0183
414,"52, rue Mazagran, Paris WA 75017",Northwind,kelli15@adventure-works.com,Kelli,Zhu,1 (11) 500 555-0188
415,"2524 Coggins Drive, N. Vancouver WA V7L 4J4",AdventureWorks,logan62@adventure-works.com,Logan,Thomas,990-555-0184
416,"6843 San Simeon Dr., Burbank WA 91502",Contoso,denise17@adventure-works.com,Denise,Lopez,646-555-0179
417,"9277 Ridgewood Court, Issaquah WA 98027",Contoso,alexandra27@adventure-works.com,Alexandra,Ross,484-555-0190
418,"5551 Silverado Dr., Tacoma WA 98403",Northwind,cameron48@adventure-works.com,Cameron,Moore,293-555-0136
419,"2093 Frayne Ct., Salem WA 97301",AdventureWorks,seth58@adventure-works.com,Seth,Patterson,652-555-0172
420,"3629 Warren St., Beverly Hills WA 90210",Contoso,erica10@adventure-works.com,Erica,Zhao,981-555-0111
421,"5291 Juliet Court, Shawnee WA V9B 2C3",Northwind,seth11@adventure-works.com,Seth,Thomas,981-555-0117
422,"7107 Kingsford Dr., Lincoln Acres WA 91950",Contoso,ian83@adventure-works.com,Ian,Bailey,141-555-0190
423,"8139 Clark Creek Lane, Paris WA 75003",Contoso,eugene22@adventure-works.com,Eugene,Guo,1 (11) 500 555-0155
424,"5543 Royal Arch Court, Rockhampton WA 4700",Northwind,mariah14@adventure-works.com,Mariah,Long,1 (11) 500 555-0181
425,"7801 Midway Ct., Burlingame WA 94010",Contoso,jeremy46@adventure-works.com,Jeremy,Reed,452-555-0112
426,"7581 Alaska Dr., Bellflower WA 90706",AdventureWorks,kristine22@adventure-works.com,Kristine,Ortega,403-555-0196
427,"8794 Gumwood, Burlingame WA 94010",Contoso,devin61@adventure-works.com,Devin,James,584-555-0185
428,"8754 Second Ave., Cheltenham WA GL50",AdventureWorks,charles46@adventure-works.com,Charles,James,1 (11) 500 555-0126
429,"6065 Blue Cr, Burlingame WA 94010",Contoso,arianna27@adventure-works.com,Arianna,Gray,862-555-0181
430,"4024 Calhoun Court, Redmond WA 98052",Contoso,devin40@adventure-works.com,Devin,Parker,897-555-0155
431,"1877 Minert Rd., Everett WA 98201",Contoso,xavier66@adventure-works.com,Xavier,Watson,486-555-0141
432,"4, rue de Courtaboeuf, Saint Germain en Laye WA 78100",AdventureWorks,jennifer87@adventure-works.com,Jennifer,Butler,1 (11) 500 555-0185
433,"1693 C Northwood Dr, Port Hammond WA V6B 3P7",Northwind,allison2@adventure-works.com,Allison,Sanders,692-555-0189
434,"347 San Simeon Dr., Long Beach WA 90802",Northwind,alex10@adventure-works.com,Alex,Ramirez,402-555-0173
435,"71 Flora Ave, Brisbane WA 4000",Contoso,jaime24@adventure-works.com,Jaime,She,1 (11) 500 555-0115
436,"9334 Carpetta Circle, Santa Cruz WA 95062",AdventureWorks,timothy46@adventure-works.com,Timothy,Hall,171-555-0114
437,"48, boulevard Tremblay, Lieusaint WA 77127",Northwind,cedric10@adventure-works.com,Cedric,Ye,1 (11) 500 555-0172
438,"5637 Teak Court, Gold Coast WA 4217",AdventureWorks,julie13@adventure-works.com,Julie,Lal,1 (11) 500 555-0194
439,"6887 Deerberry Ct., Rockhampton WA 4700",AdventureWorks,casey1@adventure-works.com,Casey,Deng,1 (11) 500 555-0194
440,"3, avenue des Champs-Elysées, Colombes WA 92700",Northwind,christy7@adventure-works.com,Christy,McDonald,1 (11) 500 555-0176
441,"9214 Birch Park Rd, Bellflower WA 90706",Contoso,austin26@adventure-works.com,Austin,Lal,541-555-0141
442,"Hauptstr 6146, Saarlouis WA 66740",Northwind,jon31@adventure-works.com,Jon,Lu,1 (11) 500 555-0185
443,"1355 Sequoia Drive, Sunbury WA 3429",Contoso,nicole58@adventure-works.com,Nicole,Long,1 (11) 500 555-0139
444,"9038 Ida Drive, Billericay WA CM11",Northwind,riley16@adventure-works.com,Riley,Alexander,1 (11) 500 555-0188
445,"9571 Live Oak Dr., Glendale WA 91203",Contoso,grace53@adventure-works.com,Grace,Coleman,113-555-0190
446,"9208 St. Germain Lane, Everett WA 98201",AdventureWorks,eric22@adventure-works.com,Eric,Simmons,175-555-0147
447,"237 Monte Vista Road, Portland WA 97205",Northwind,jennifer50@adventure-works.com,Jennifer,Walker,753-555-0111
448,"Platz des Landtags 22, Frankfurt am Main WA 60355",Northwind,pamela3@adventure-works.com,Pamela,Suri,1 (11) 500 555-0194
449,"8732 Carob Way, Langley WA V3A 4R2",Contoso,james55@adventure-works.com,James,Phillips,200-555-0199
450,"3396 Castle Rock Road, Sunbury WA 3429",Contoso,colleen9@adventure-works.com,Colleen,Zhou,1 (11) 500 555-0175
451,"5093 V. Street, Salem WA 97301",Contoso,amanda33@adventure-works.com,Amanda,Flores,409-555-0141
452,"4669 Berry Dr., W. Linn WA 97068",Contoso,edward68@adventure-works.com,Edward,Russell,358-555-0120
453,"2219 Dewing Avenue, Sooke WA V0",AdventureWorks,jacob2@adventure-works.com,Jacob,Johnson,769-555-0172
454,"6709 Prestwick Ave, Ballard WA 98107",Contoso,clayton28@adventure-works.com,Clayton,Shan,396-555-0111
455,"459 William Reed Drive, San Carlos WA 94070",Contoso,samantha17@adventure-works.com,Samantha,Thompson,910-555-0125
456,"Rotthäuser Weg 22, Leipzig WA 04139",Northwind,lindsey19@adventure-works.com,Lindsey,Goel,1 (11) 500 555-0137
457,"511, rue Villedo, Dunkerque WA 59140",AdventureWorks,miguel13@adventure-works.com,Miguel,Harris,1 (11) 500 555-0130
458,"Kampstr 9859, München WA 80074",Contoso,billy14@adventure-works.com,Billy,Dominguez,1 (11) 500 555-0172
459,"3111 Creekridge Lane, Beaverton WA 97005",Northwind,manuel0@adventure-works.com,Manuel,Suri,392-555-0155
460,"3495 Virginia Lane, Tacoma WA 98403",Northwind,isabella25@adventure-works.com,Isabella,Simmons,424-555-0125
461,"1292 Bola Raton Court, Peterborough WA PB12",Northwind,renee3@adventure-works.com,Renee,Hernandez,1 (11) 500 555-0143
462,"Am Kreuz 123, Hamburg WA 22001",Contoso,kristen1@adventure-works.com,Kristen,Wang,1 (11) 500 555-0120
463,"9023 Maryland Dr., Darlinghurst WA 2010",Northwind,alan9@adventure-works.com,Alan,Yang,1 (11) 500 555-0143
464,"8153 Shoe St., Port Hammond WA V6B 3P7",Northwind,benjamin15@adventure-works.com,Benjamin,Butler,117-555-0115
465,"2987 Wiget Lane, Goulburn WA 2580",Contoso,martha16@adventure-works.com,Martha,Liang,1 (11) 500 555-0131
466,"8348 Holiday Hill Dr., Newton WA V2L3W8",Contoso,thomas76@adventure-works.com,Thomas,Martin,211-555-0119
467,"4751 Grant Street, Springwood WA 2777",Contoso,ruth8@adventure-works.com,Ruth,Vance,1 (11) 500 555-0118
468,"1984 Vista Way, Beverly Hills WA 90210",AdventureWorks,nathan6@adventure-works.com,Nathan,Patterson,508-555-0156
469,"4914 Sierra Drive, Sooke WA V0",AdventureWorks,kevin29@adventure-works.com,Kevin,Li,640-555-0153
470,"1105 Meadowbrook Drive, Colma WA 94014",AdventureWorks,vincent10@adventure-works.com,Vincent,Zhao,262-555-0132
471,"593 Chatworth, Downey WA 90241",Contoso,lauren39@adventure-works.com,Lauren,Lewis,836-555-0132
472,"Hans-Rosenthal-Platz 4243, Frankfurt WA 91480",Contoso,colin26@adventure-works.com,Colin,Xie,1 (11) 500 555-0139
473,"1040 Northridge Road, London WA W1X3SE",Northwind,roy23@adventure-works.com,Roy,Ruiz,1 (11) 500 555-0173
474,"7964 Concord Ct, Novato WA 94947",Contoso,greg7@adventure-works.com,Greg,Russell,329-555-0171
475,"3985 Jacqueline Drive, Salem WA 97301",Northwind,christian6@adventure-works.com,Christian,Alexander,106-555-0116
476,"Auf dem Ufer 164, Bonn WA 53131",Northwind,latasha4@adventure-works.com,Latasha,Alvarez,1 (11) 500 555-0177
477,"5222 Happy Valley Road, Downey WA 90241",Contoso,oscar14@adventure-works.com,Oscar,Coleman,539-555-0118
478,"5906 Walnut Place, Royal Oak WA V8X",AdventureWorks,jeremiah2@adventure-works.com,Jeremiah,Taylor,117-555-0116
479,"8869 Lightwood Drive, San Diego WA 92102",Contoso,alexis21@adventure-works.com,Alexis,Hall,118-555-0144
480,"4171 Miller Avenue, Kirkby WA KB9",AdventureWorks,brendan12@adventure-works.com,Brendan,Raje,1 (11) 500 555-0192
481,"5033 Pine Hollow Rd., Long Beach WA 90802",Northwind,alexander3@adventure-works.com,Alexander,Johnson,443-555-0139
482,"2552 Palm Ave, Cloverdale WA 6105",AdventureWorks,tasha11@adventure-works.com,Tasha,Shan,1 (11) 500 555-0149
483,"4138 Shore Rd., Roncq WA 59223",AdventureWorks,karl19@adventure-works.com,Karl,Nath,1 (11) 500 555-0188
484,"826, rue de Berri, Chatou WA 78400",Contoso,sergio9@adventure-works.com,Sergio,Srini,1 (11) 500 555-0114
485,"7503 Hill Drive, Milwaukie WA 97222",AdventureWorks,sara42@adventure-works.com,Sara,Adams,516-555-0113
486,"Moritzstr 5400, Frankfurt WA 91480",Northwind,kari33@adventure-works.com,Kari,Dominguez,1 (11) 500 555-0169
487,"8084 Cardiff Drive, Darlinghurst WA 2010",Northwind,keith10@adventure-works.com,Keith,Kumar,1 (11) 500 555-0199
488,"8519 Crivello Ave., Hobart WA 7001",Northwind,jimmy19@adventure-works.com,Jimmy,Blanco,1 (11) 500 555-0173
489,"4855 Wawona Lane, Coronado WA 92118",Northwind,sophia19@adventure-works.com,Sophia,Lopez,123-555-0170
490,"6093 Hilltop Road, Melbourne WA 3000",Northwind,roy9@adventure-works.com,Roy,Srini,1 (11) 500 555-0117
491,"14, rue Faubourg St Antoine, Croix WA 59170",Contoso,brandy9@adventure-works.com,Brandy,Subram,1 (11) 500 555-0147
492,"9391 80th St, Oakland WA 94611",Contoso,melissa6@adventure-works.com,Melissa,Hughes,976-555-0182
493,"158 Walnut Ave, Monroe WA 98272",AdventureWorks,david7@adventure-works.com,David,Lawrence,118-555-0177
494,"7290 Mt. Hood Circle, San Francisco WA 94109",Contoso,maria57@adventure-works.com,Maria,Adams,974-555-0128
495,"2625 Fremont St., Warrnambool WA 3280",AdventureWorks,joy14@adventure-works.com,Joy,Dominguez,1 (11) 500 555-0189
496,"6462 Grant St., Yakima WA 98901",Contoso,tristan0@adventure-works.com,Tristan,Price,554-555-0160
497,"701 Golf Club Road, Milsons Point WA 2061",AdventureWorks,autumn17@adventure-works.com,Autumn,Guo,1 (11) 500 555-0169
498,"6131 Green Leaf Drive, Springwood WA 2777",Contoso,marie22@adventure-works.com,Marie,Sanchez,1 (11) 500 555-0112
499,"188, avenue de la Gare, Dunkerque WA 59140",Northwind,yolanda2@adventure-works.com,Yolanda,Simpson,1 (11) 500 555-0188
500,"6753 Mines Road, El Cajon WA 92020",AdventureWorks,alexis23@adventure-works.com,Alexis,Bennett,442-555-0153